<?xml version='1.0' encoding='utf-8'?>
<MediaMetaData><Clip><Filename>Z7V_1648.MP4</Filename><Description /><Keywords /></Clip><Clip><Filename>Z7V_1649.MP4</Filename><Description /><Keywords /></Clip><Clip><Filename>Z7V_1650.MP4</Filename><Description /><Keywords /></Clip><Clip><Filename>Z7V_1651.MP4</Filename><Description /><Keywords /></Clip><Clip><Filename>Z7V_1652.MP4</Filename><Description /><Keywords /></Clip><Clip><Filename>Z7V_1653.MP4</Filename><Description /><Keywords /></Clip><Clip><Filename>Z7V_1654.MP4</Filename><Description /><Keywords /></Clip><Clip><Filename>Z7V_1655.MP4</Filename><Description /><Keywords /></Clip><Clip><Filename>Z7V_1656.MP4</Filename><Description /><Keywords /></Clip><Clip><Filename>Z7V_1657.MP4</Filename><Description /><Keywords /></Clip><Clip><Filename>Z7V_1658.MP4</Filename><Description /><Keywords /></Clip><Clip><Filename>Z7V_1659.MP4</Filename><Description /><Keywords /></Clip><Clip><Filename>Z7V_1660.MP4</Filename><Description /><Keywords /></Clip><Clip><Filename>Z7V_1661.MP4</Filename><Description /><Keywords /></Clip><Clip><Filename>Z7V_1662.MP4</Filename><Description /><Keywords /></Clip><Clip><Filename>Z7V_1663.MP4</Filename><Description /><Keywords /></Clip></MediaMetaData>